timestamp,avg_response_time_ms,error_rate_percent,requests_per_second
2025-05-12 17:00:00,135.1,0.62,221.1
2025-05-12 18:00:00,320.4,0.67,206.4
2025-05-12 19:00:00,249.8,0.38,171.7
2025-05-12 20:00:00,313.7,0.76,211.3
2025-05-12 21:00:00,341.7,0.79,122.1
2025-05-12 22:00:00,294.8,0.31,42.4
2025-05-12 23:00:00,550.9,0.67,51.6
2025-05-13 00:00:00,261.9,0.42,52.0
2025-05-13 01:00:00,367.3,0.65,52.1
2025-05-13 02:00:00,50.0,0.5,45.0
2025-05-13 03:00:00,564.5,0.75,45.3
2025-05-13 04:00:00,376.4,0.25,46.8
2025-05-13 05:00:00,70.6,0.69,45.8
2025-05-13 06:00:00,273.5,0.6,41.5
2025-05-13 07:00:00,355.2,0.56,101.9
2025-05-13 08:00:00,248.4,0.23,137.8
2025-05-13 09:00:00,170.3,0.41,161.9
2025-05-13 10:00:00,235.5,0.77,124.5
2025-05-13 11:00:00,714.7,0.58,170.2
2025-05-13 12:00:00,371.4,0.77,154.3
2025-05-13 13:00:00,85.3,0.56,200.3
2025-05-13 14:00:00,354.6,0.67,127.8
2025-05-13 15:00:00,312.1,0.43,138.6
2025-05-13 16:00:00,121.4,0.77,128.1
2025-05-13 17:00:00,161.3,0.66,216.2
2025-05-13 18:00:00,151.5,0.59,189.0
2025-05-13 19:00:00,272.2,0.27,229.8
2025-05-13 20:00:00,151.6,0.54,190.0
2025-05-13 21:00:00,300.9,0.36,117.4
2025-05-13 22:00:00,423.0,0.75,44.8
2025-05-13 23:00:00,297.2,0.27,51.4
2025-05-14 00:00:00,50.0,0.47,37.6
2025-05-14 01:00:00,395.3,0.61,51.2
2025-05-14 02:00:00,241.3,0.24,45.8
2025-05-14 03:00:00,425.6,0.73,51.3
2025-05-14 04:00:00,218.4,0.58,50.3
2025-05-14 05:00:00,50.0,0.51,38.2
2025-05-14 06:00:00,324.9,0.67,36.5
2025-05-14 07:00:00,378.2,0.53,99.5
2025-05-14 08:00:00,362.9,0.57,100.1
2025-05-14 09:00:00,120.7,0.39,162.0
2025-05-14 10:00:00,264.4,0.66,169.4
2025-05-14 11:00:00,120.3,0.24,214.0
2025-05-14 12:00:00,197.3,0.61,168.8
2025-05-14 13:00:00,172.1,0.73,200.2
2025-05-14 14:00:00,239.3,0.78,131.4
2025-05-14 15:00:00,226.8,0.75,111.0
2025-05-14 16:00:00,361.4,0.3,125.4
2025-05-14 17:00:00,360.8,0.63,197.1
2025-05-14 18:00:00,596.7,0.71,189.1
2025-05-14 19:00:00,184.5,0.58,214.3
2025-05-14 20:00:00,390.0,0.52,210.2
2025-05-14 21:00:00,390.2,0.3,141.2
2025-05-14 22:00:00,424.6,0.63,46.9
2025-05-14 23:00:00,481.3,0.71,46.1
2025-05-15 00:00:00,316.4,0.23,47.5
2025-05-15 01:00:00,268.0,0.55,47.7
2025-05-15 02:00:00,316.6,0.58,45.0
2025-05-15 03:00:00,145.2,0.58,41.2
2025-05-15 04:00:00,465.9,0.68,48.3
2025-05-15 05:00:00,253.7,0.38,37.3
2025-05-15 06:00:00,450.1,0.49,39.7
2025-05-15 07:00:00,359.3,0.56,97.1
2025-05-15 08:00:00,251.8,0.72,142.8
2025-05-15 09:00:00,60.6,0.28,128.0
2025-05-15 10:00:00,178.2,0.48,136.0
2025-05-15 11:00:00,250.3,0.35,151.0
2025-05-15 12:00:00,263.1,0.57,161.9
2025-05-15 13:00:00,443.0,0.72,155.5
2025-05-15 14:00:00,207.9,0.39,149.2
2025-05-15 15:00:00,474.1,0.5,135.8
2025-05-15 16:00:00,171.2,0.21,159.0
2025-05-15 17:00:00,301.0,0.5,249.2
2025-05-15 18:00:00,330.4,0.23,209.6
2025-05-15 19:00:00,436.6,0.73,223.0
2025-05-15 20:00:00,117.1,0.71,204.2
2025-05-15 21:00:00,334.2,0.73,130.9
2025-05-15 22:00:00,312.5,0.44,46.3
2025-05-15 23:00:00,157.4,0.32,46.0
2025-05-16 00:00:00,459.1,0.66,41.0
2025-05-16 01:00:00,379.2,0.79,48.2
2025-05-16 02:00:00,599.2,0.44,50.3
2025-05-16 03:00:00,576.8,0.4,52.9
2025-05-16 04:00:00,303.1,0.51,45.0
2025-05-16 05:00:00,200.1,0.23,38.5
2025-05-16 06:00:00,215.3,0.47,46.9
2025-05-16 07:00:00,447.4,0.51,97.8
2025-05-16 08:00:00,232.3,0.79,131.5
2025-05-16 09:00:00,241.7,0.38,126.2
2025-05-16 10:00:00,387.3,0.63,138.0
2025-05-16 11:00:00,137.0,0.69,170.5
2025-05-16 12:00:00,106.8,0.55,201.4
2025-05-16 13:00:00,50.0,0.64,193.5
2025-05-16 14:00:00,467.8,0.78,150.3
2025-05-16 15:00:00,328.4,0.67,139.2
2025-05-16 16:00:00,264.5,0.3,142.0
2025-05-16 17:00:00,104.7,0.57,238.7
2025-05-16 18:00:00,435.8,0.22,247.6
2025-05-16 19:00:00,481.5,0.27,169.6
2025-05-16 20:00:00,266.5,0.61,202.5
2025-05-16 21:00:00,379.2,0.66,140.2
2025-05-16 22:00:00,470.7,0.24,38.5
2025-05-16 23:00:00,124.6,0.32,41.9
2025-05-17 00:00:00,204.0,0.39,50.9
2025-05-17 01:00:00,144.0,0.75,54.8
2025-05-17 02:00:00,142.8,0.63,61.9
2025-05-17 03:00:00,504.5,0.62,61.1
2025-05-17 04:00:00,340.0,0.53,52.1
2025-05-17 05:00:00,405.5,0.78,53.8
2025-05-17 06:00:00,275.2,0.62,54.2
2025-05-17 07:00:00,399.2,0.41,160.2
2025-05-17 08:00:00,333.7,0.27,167.0
2025-05-17 09:00:00,184.9,0.43,209.2
2025-05-17 10:00:00,455.4,0.68,178.7
2025-05-17 11:00:00,50.0,0.37,254.0
2025-05-17 12:00:00,207.7,0.35,232.0
2025-05-17 13:00:00,433.3,0.32,237.6
2025-05-17 14:00:00,511.3,0.28,183.6
2025-05-17 15:00:00,205.4,0.55,157.4
2025-05-17 16:00:00,210.9,0.58,144.1
2025-05-17 17:00:00,138.3,0.45,296.7
2025-05-17 18:00:00,507.8,0.2,278.5
2025-05-17 19:00:00,452.0,0.76,262.8
2025-05-17 20:00:00,582.6,0.49,240.2
2025-05-17 21:00:00,177.8,0.78,144.8
2025-05-17 22:00:00,100.7,0.25,60.2
2025-05-17 23:00:00,50.0,0.52,63.7
2025-05-18 00:00:00,605.8,0.31,41.5
2025-05-18 01:00:00,171.5,0.31,42.0
2025-05-18 02:00:00,450.8,0.5,42.3
2025-05-18 03:00:00,297.3,0.78,42.1
2025-05-18 04:00:00,314.6,0.54,30.3
2025-05-18 05:00:00,285.7,0.79,32.9
2025-05-18 06:00:00,487.4,0.5,42.3
2025-05-18 07:00:00,287.1,0.71,82.9
2025-05-18 08:00:00,325.8,0.3,94.4
2025-05-18 09:00:00,368.7,0.35,94.4
2025-05-18 10:00:00,277.7,0.54,132.3
2025-05-18 11:00:00,50.0,0.31,164.5
2025-05-18 12:00:00,524.2,0.51,120.2
2025-05-18 13:00:00,130.7,0.6,125.8
2025-05-18 14:00:00,384.2,0.35,97.7
2025-05-18 15:00:00,402.5,0.34,119.0
2025-05-18 16:00:00,421.9,0.63,86.9
2025-05-18 17:00:00,263.8,0.59,181.0
2025-05-18 18:00:00,369.6,0.38,161.6
2025-05-18 19:00:00,328.6,0.5,194.6
2025-05-18 20:00:00,262.8,0.27,196.0
2025-05-18 21:00:00,176.0,0.38,100.4
2025-05-18 22:00:00,315.5,0.29,39.6
2025-05-18 23:00:00,378.8,0.56,34.8
2025-05-19 00:00:00,138.8,0.52,48.0
2025-05-19 01:00:00,248.5,0.33,40.5
2025-05-19 02:00:00,309.1,0.25,44.0
2025-05-19 03:00:00,50.0,0.62,37.4
2025-05-19 04:00:00,250.7,0.53,45.1
2025-05-19 05:00:00,279.0,0.54,38.7
2025-05-19 06:00:00,214.3,0.27,39.7
2025-05-19 07:00:00,460.4,0.55,87.8
2025-05-19 08:00:00,50.0,0.47,120.6
2025-05-19 09:00:00,282.2,0.47,111.1
2025-05-19 10:00:00,50.0,0.63,143.8
2025-05-19 11:00:00,363.7,0.69,197.7
2025-05-19 12:00:00,259.7,0.41,148.6
2025-05-19 13:00:00,278.4,0.8,211.3
2025-05-19 14:00:00,617.2,0.22,130.1
2025-05-19 15:00:00,446.9,0.66,149.4
2025-05-19 16:00:00,514.1,0.45,161.6
2025-05-19 17:00:00,270.7,0.43,241.0
2025-05-19 18:00:00,421.3,0.61,223.6
2025-05-19 19:00:00,219.5,0.52,222.9
2025-05-19 20:00:00,245.8,0.52,212.4
2025-05-19 21:00:00,376.9,0.64,106.7
2025-05-19 22:00:00,332.2,0.38,48.1
2025-05-19 23:00:00,300.7,0.53,45.6
2025-05-20 00:00:00,350.3,0.41,41.0
2025-05-20 01:00:00,198.7,0.76,49.1
2025-05-20 02:00:00,507.3,0.45,49.8
2025-05-20 03:00:00,477.8,0.73,36.3
2025-05-20 04:00:00,318.8,0.22,46.8
2025-05-20 05:00:00,366.6,0.62,36.9
2025-05-20 06:00:00,291.0,0.34,39.9
2025-05-20 07:00:00,666.4,17.96,25.9
2025-05-20 08:00:00,792.4,17.24,39.3
2025-05-20 09:00:00,1336.3,9.78,42.1
2025-05-20 10:00:00,1072.4,9.53,38.6
2025-05-20 11:00:00,183.4,0.6,159.9
2025-05-20 12:00:00,283.4,0.77,207.3
2025-05-20 13:00:00,350.5,0.75,189.1
2025-05-20 14:00:00,142.5,0.78,158.8
2025-05-20 15:00:00,377.5,0.6,150.4
2025-05-20 16:00:00,234.8,0.29,128.3
2025-05-20 17:00:00,441.4,0.65,207.8
2025-05-20 18:00:00,374.2,0.62,235.7
2025-05-20 19:00:00,197.0,0.75,215.2
2025-05-20 20:00:00,487.6,0.28,188.4
2025-05-20 21:00:00,261.5,0.32,127.0
2025-05-20 22:00:00,556.7,0.26,49.0
2025-05-20 23:00:00,163.5,0.31,40.8
2025-05-21 00:00:00,205.9,0.72,39.4
2025-05-21 01:00:00,119.1,0.66,49.0
2025-05-21 02:00:00,140.2,0.72,42.0
2025-05-21 03:00:00,238.1,0.77,36.3
2025-05-21 04:00:00,654.2,0.27,54.0
2025-05-21 05:00:00,152.4,0.49,40.4
2025-05-21 06:00:00,219.6,0.75,45.9
2025-05-21 07:00:00,238.1,0.67,100.0
2025-05-21 08:00:00,161.6,0.36,120.6
2025-05-21 09:00:00,270.3,0.5,113.3
2025-05-21 10:00:00,467.7,0.7,174.9
2025-05-21 11:00:00,280.2,0.42,173.8
2025-05-21 12:00:00,202.0,0.29,162.8
2025-05-21 13:00:00,259.4,0.76,185.7
2025-05-21 14:00:00,225.0,0.4,128.5
2025-05-21 15:00:00,342.7,0.7,135.0
2025-05-21 16:00:00,171.4,0.35,152.4
2025-05-21 17:00:00,111.8,0.78,221.9
2025-05-21 18:00:00,209.1,0.68,182.2
2025-05-21 19:00:00,305.4,0.63,209.0
2025-05-21 20:00:00,462.5,0.59,172.9
2025-05-21 21:00:00,206.5,0.22,136.6
2025-05-21 22:00:00,509.7,0.66,43.4
2025-05-21 23:00:00,224.8,0.71,40.2
2025-05-22 00:00:00,294.6,0.5,42.7
2025-05-22 01:00:00,280.4,0.57,48.0
2025-05-22 02:00:00,171.8,0.49,36.1
2025-05-22 03:00:00,184.8,0.53,36.2
2025-05-22 04:00:00,181.8,0.79,36.3
2025-05-22 05:00:00,277.9,0.69,48.1
2025-05-22 06:00:00,413.7,0.26,37.7
2025-05-22 07:00:00,50.0,0.29,92.1
2025-05-22 08:00:00,50.0,0.36,115.1
2025-05-22 09:00:00,254.4,0.42,129.9
2025-05-22 10:00:00,50.0,0.34,161.0
2025-05-22 11:00:00,118.7,0.71,191.1
2025-05-22 12:00:00,459.2,0.26,171.3
2025-05-22 13:00:00,103.1,0.53,148.0
2025-05-22 14:00:00,391.8,0.5,131.4
2025-05-22 15:00:00,305.5,0.67,138.6
2025-05-22 16:00:00,342.1,0.52,110.3
2025-05-22 17:00:00,247.7,0.33,240.9
2025-05-22 18:00:00,429.6,0.23,174.2
2025-05-22 19:00:00,189.4,0.76,243.5
2025-05-22 20:00:00,264.2,0.76,194.4
2025-05-22 21:00:00,284.9,0.78,124.2
2025-05-22 22:00:00,303.4,0.44,37.4
2025-05-22 23:00:00,63.1,0.3,40.3
2025-05-23 00:00:00,375.5,0.74,42.0
2025-05-23 01:00:00,171.6,0.65,38.5
2025-05-23 02:00:00,540.1,0.5,53.5
2025-05-23 03:00:00,282.6,0.23,43.9
2025-05-23 04:00:00,372.4,0.66,53.2
2025-05-23 05:00:00,183.8,0.44,49.9
2025-05-23 06:00:00,417.8,0.8,44.8
2025-05-23 07:00:00,322.2,0.41,123.5
2025-05-23 08:00:00,94.1,0.6,100.1
2025-05-23 09:00:00,394.0,0.57,151.1
2025-05-23 10:00:00,285.7,0.29,162.7
2025-05-23 11:00:00,239.6,0.58,197.3
2025-05-23 12:00:00,271.0,0.2,166.2
2025-05-23 13:00:00,365.0,0.42,163.4
2025-05-23 14:00:00,365.0,0.47,138.0
2025-05-23 15:00:00,371.5,0.44,109.4
2025-05-23 16:00:00,259.7,0.56,125.5
2025-05-23 17:00:00,352.7,0.43,192.5
2025-05-23 18:00:00,251.9,0.74,244.0
2025-05-23 19:00:00,340.9,0.79,216.0
2025-05-23 20:00:00,371.1,0.28,193.3
2025-05-23 21:00:00,428.5,0.5,99.0
2025-05-23 22:00:00,156.2,0.49,37.4
2025-05-23 23:00:00,362.6,0.35,40.4
2025-05-24 00:00:00,157.7,0.32,49.3
2025-05-24 01:00:00,157.6,0.38,69.0
2025-05-24 02:00:00,196.9,0.68,54.5
2025-05-24 03:00:00,481.5,0.4,65.9
2025-05-24 04:00:00,557.7,0.28,54.3
2025-05-24 05:00:00,50.0,0.77,51.5
2025-05-24 06:00:00,147.9,0.78,53.6
2025-05-24 07:00:00,656.6,0.62,136.0
2025-05-24 08:00:00,200.7,0.43,175.7
2025-05-24 09:00:00,248.7,0.44,148.4
2025-05-24 10:00:00,115.0,0.53,209.2
2025-05-24 11:00:00,221.5,0.53,276.4
2025-05-24 12:00:00,71.3,0.46,214.5
2025-05-24 13:00:00,356.2,0.62,263.9
2025-05-24 14:00:00,343.5,0.5,184.9
2025-05-24 15:00:00,152.4,0.35,186.6
2025-05-24 16:00:00,242.7,0.24,209.9
2025-05-24 17:00:00,50.0,0.49,262.2
2025-05-24 18:00:00,50.0,0.62,277.8
2025-05-24 19:00:00,286.0,0.67,257.7
2025-05-24 20:00:00,447.4,0.58,227.7
2025-05-24 21:00:00,186.4,0.66,165.8
2025-05-24 22:00:00,167.3,0.23,69.8
2025-05-24 23:00:00,471.0,0.61,56.2
2025-05-25 00:00:00,306.6,0.46,29.0
2025-05-25 01:00:00,50.0,0.36,36.2
2025-05-25 02:00:00,103.7,0.55,35.2
2025-05-25 03:00:00,276.7,0.43,39.9
2025-05-25 04:00:00,149.9,0.41,29.2
2025-05-25 05:00:00,206.6,0.26,34.8
2025-05-25 06:00:00,372.4,0.76,30.8
2025-05-25 07:00:00,282.3,0.39,82.5
2025-05-25 08:00:00,346.1,0.49,93.6
2025-05-25 09:00:00,466.0,0.62,100.2
2025-05-25 10:00:00,215.1,0.27,136.8
2025-05-25 11:00:00,559.9,0.59,154.2
2025-05-25 12:00:00,520.9,0.35,125.2
2025-05-25 13:00:00,670.1,0.3,147.4
2025-05-25 14:00:00,405.3,0.44,94.4
2025-05-25 15:00:00,271.9,0.58,105.1
2025-05-25 16:00:00,503.5,0.32,112.0
2025-05-25 17:00:00,337.8,0.43,181.8
2025-05-25 18:00:00,368.7,0.69,138.6
2025-05-25 19:00:00,541.0,0.26,193.0
2025-05-25 20:00:00,351.4,0.47,152.0
2025-05-25 21:00:00,422.9,0.72,97.1
2025-05-25 22:00:00,170.2,0.57,37.3
2025-05-25 23:00:00,144.9,0.41,41.0
2025-05-26 00:00:00,96.4,0.62,41.4
2025-05-26 01:00:00,115.1,0.57,37.5
2025-05-26 02:00:00,350.1,0.38,39.3
2025-05-26 03:00:00,356.0,0.62,45.2
2025-05-26 04:00:00,228.8,0.43,39.3
2025-05-26 05:00:00,340.2,0.58,48.5
2025-05-26 06:00:00,50.0,0.53,44.8
2025-05-26 07:00:00,50.0,0.28,97.2
2025-05-26 08:00:00,252.5,0.42,96.5
2025-05-26 09:00:00,315.1,0.28,152.0
2025-05-26 10:00:00,473.4,0.5,161.1
2025-05-26 11:00:00,259.9,0.45,204.5
2025-05-26 12:00:00,237.8,0.22,198.8
2025-05-26 13:00:00,304.4,0.38,163.8
2025-05-26 14:00:00,211.5,0.47,148.1
2025-05-26 15:00:00,278.7,0.66,137.7
2025-05-26 16:00:00,356.0,0.67,152.5
2025-05-26 17:00:00,348.2,0.42,237.1
2025-05-26 18:00:00,530.9,0.53,251.1
2025-05-26 19:00:00,361.8,0.26,237.7
2025-05-26 20:00:00,301.1,0.8,205.8
2025-05-26 21:00:00,173.9,0.41,135.2
2025-05-26 22:00:00,50.0,0.67,40.3
2025-05-26 23:00:00,479.1,0.69,46.6
2025-05-27 00:00:00,160.4,0.58,39.0
2025-05-27 01:00:00,490.6,0.28,39.7
2025-05-27 02:00:00,314.0,0.41,41.1
2025-05-27 03:00:00,350.6,0.52,41.8
2025-05-27 04:00:00,264.7,0.36,51.4
2025-05-27 05:00:00,181.2,0.79,48.2
2025-05-27 06:00:00,618.0,0.67,52.5
2025-05-27 07:00:00,516.7,0.8,120.4
2025-05-27 08:00:00,510.2,0.35,130.1
2025-05-27 09:00:00,515.2,0.7,149.1
2025-05-27 10:00:00,222.2,0.55,136.1
2025-05-27 11:00:00,144.4,0.45,176.5
2025-05-27 12:00:00,93.7,0.26,181.1
2025-05-27 13:00:00,70.0,0.37,211.4
2025-05-27 14:00:00,50.0,0.4,108.1
2025-05-27 15:00:00,569.3,0.66,147.6
2025-05-27 16:00:00,280.1,0.6,127.3
2025-05-27 17:00:00,135.1,0.24,212.9
2025-05-27 18:00:00,331.9,0.33,190.6
2025-05-27 19:00:00,455.7,0.7,196.4
2025-05-27 20:00:00,128.9,0.49,196.9
2025-05-27 21:00:00,208.8,0.61,98.3
2025-05-27 22:00:00,512.8,0.48,38.2
2025-05-27 23:00:00,453.8,0.71,43.9
2025-05-28 00:00:00,677.7,0.32,48.4
2025-05-28 01:00:00,301.6,0.28,47.7
2025-05-28 02:00:00,488.6,0.36,47.8
2025-05-28 03:00:00,593.0,0.35,42.7
2025-05-28 04:00:00,374.2,0.44,41.5
2025-05-28 05:00:00,248.7,0.62,40.2
2025-05-28 06:00:00,169.1,0.2,44.6
2025-05-28 07:00:00,106.1,0.28,93.5
2025-05-28 08:00:00,291.3,0.62,135.2
2025-05-28 09:00:00,281.5,0.79,130.8
2025-05-28 10:00:00,338.8,0.43,163.8
2025-05-28 11:00:00,342.4,0.26,166.6
2025-05-28 12:00:00,1007.3,5.31,138.8
2025-05-28 13:00:00,684.9,2.24,150.8
2025-05-28 14:00:00,1162.0,1.64,100.2
2025-05-28 15:00:00,444.2,0.46,147.0
2025-05-28 16:00:00,240.4,0.45,145.1
2025-05-28 17:00:00,238.1,0.72,175.3
2025-05-28 18:00:00,502.3,0.55,200.3
2025-05-28 19:00:00,447.9,0.78,194.4
2025-05-28 20:00:00,377.1,0.25,214.5
2025-05-28 21:00:00,393.0,0.56,125.2
2025-05-28 22:00:00,341.6,0.71,47.9
2025-05-28 23:00:00,74.1,0.38,45.3
2025-05-29 00:00:00,51.5,0.38,37.0
2025-05-29 01:00:00,285.1,0.74,53.2
2025-05-29 02:00:00,226.7,0.5,46.7
2025-05-29 03:00:00,302.4,0.52,53.6
2025-05-29 04:00:00,648.5,0.28,51.5
2025-05-29 05:00:00,271.2,0.54,42.6
2025-05-29 06:00:00,195.9,0.77,49.9
2025-05-29 07:00:00,67.8,0.21,86.8
2025-05-29 08:00:00,296.7,0.24,133.9
2025-05-29 09:00:00,342.6,0.5,141.9
2025-05-29 10:00:00,144.6,0.62,124.9
2025-05-29 11:00:00,299.0,0.52,188.4
2025-05-29 12:00:00,277.8,0.51,158.6
2025-05-29 13:00:00,427.3,0.68,182.6
2025-05-29 14:00:00,135.4,0.7,144.8
2025-05-29 15:00:00,434.9,0.24,145.7
2025-05-29 16:00:00,263.5,0.23,112.7
2025-05-29 17:00:00,50.0,0.46,206.1
2025-05-29 18:00:00,200.0,0.65,230.2
2025-05-29 19:00:00,218.5,0.27,227.5
2025-05-29 20:00:00,273.1,0.77,211.9
2025-05-29 21:00:00,214.4,0.67,130.6
2025-05-29 22:00:00,339.0,0.67,40.8
2025-05-29 23:00:00,367.8,0.73,49.9
2025-05-30 00:00:00,567.5,0.36,37.1
2025-05-30 01:00:00,349.9,0.63,46.4
2025-05-30 02:00:00,446.3,0.42,45.0
2025-05-30 03:00:00,377.0,0.54,42.6
2025-05-30 04:00:00,297.8,0.54,49.0
2025-05-30 05:00:00,369.9,0.34,45.2
2025-05-30 06:00:00,587.7,0.35,44.5
2025-05-30 07:00:00,381.7,0.43,90.3
2025-05-30 08:00:00,568.8,0.53,139.9
2025-05-30 09:00:00,175.9,0.64,130.6
2025-05-30 10:00:00,232.1,0.63,136.3
2025-05-30 11:00:00,440.1,0.25,170.8
2025-05-30 12:00:00,50.0,0.31,201.9
2025-05-30 13:00:00,295.9,0.79,212.7
2025-05-30 14:00:00,452.3,0.37,153.6
2025-05-30 15:00:00,370.4,0.4,137.9
2025-05-30 16:00:00,400.3,0.54,124.4
2025-05-30 17:00:00,305.0,0.57,207.0
2025-05-30 18:00:00,153.3,0.66,184.4
2025-05-30 19:00:00,204.7,0.74,231.9
2025-05-30 20:00:00,300.5,0.45,187.6
2025-05-30 21:00:00,317.0,0.41,136.3
2025-05-30 22:00:00,564.1,0.2,47.8
2025-05-30 23:00:00,50.0,0.71,49.1
2025-05-31 00:00:00,446.4,0.34,58.3
2025-05-31 01:00:00,412.0,0.24,70.1
2025-05-31 02:00:00,284.2,0.75,67.8
2025-05-31 03:00:00,235.6,0.51,63.2
2025-05-31 04:00:00,50.0,0.25,49.0
2025-05-31 05:00:00,591.9,0.28,66.0
2025-05-31 06:00:00,473.2,0.46,69.4
2025-05-31 07:00:00,388.0,0.34,123.5
2025-05-31 08:00:00,193.0,0.62,170.7
2025-05-31 09:00:00,547.3,0.39,159.5
2025-05-31 10:00:00,390.1,0.67,201.6
2025-05-31 11:00:00,345.7,0.29,202.6
2025-05-31 12:00:00,150.2,0.52,277.5
2025-05-31 13:00:00,332.4,0.32,216.1
2025-05-31 14:00:00,292.9,0.29,188.6
2025-05-31 15:00:00,375.5,0.7,189.3
2025-05-31 16:00:00,576.1,0.4,146.8
2025-05-31 17:00:00,371.5,0.35,257.2
2025-05-31 18:00:00,75.2,0.36,326.6
2025-05-31 19:00:00,280.9,0.22,262.6
2025-05-31 20:00:00,62.1,0.35,268.9
2025-05-31 21:00:00,373.7,0.68,133.5
2025-05-31 22:00:00,581.8,0.79,49.9
2025-05-31 23:00:00,321.2,0.69,55.5
2025-06-01 00:00:00,152.6,0.55,32.5
2025-06-01 01:00:00,142.4,0.69,29.1
2025-06-01 02:00:00,597.5,0.47,30.7
2025-06-01 03:00:00,427.6,0.74,40.7
2025-06-01 04:00:00,278.3,0.48,31.2
2025-06-01 05:00:00,338.6,0.54,40.6
2025-06-01 06:00:00,271.0,0.61,31.3
2025-06-01 07:00:00,322.5,0.33,73.5
2025-06-01 08:00:00,242.0,0.22,100.6
2025-06-01 09:00:00,605.5,0.35,99.1
2025-06-01 10:00:00,138.5,0.24,109.4
2025-06-01 11:00:00,399.7,0.28,126.7
2025-06-01 12:00:00,437.2,0.58,161.4
2025-06-01 13:00:00,178.5,0.68,172.2
2025-06-01 14:00:00,328.2,0.53,107.3
2025-06-01 15:00:00,161.3,0.75,108.1
2025-06-01 16:00:00,227.8,0.39,95.9
2025-06-01 17:00:00,360.9,0.74,186.7
2025-06-01 18:00:00,732.3,0.52,185.9
2025-06-01 19:00:00,466.8,0.8,199.9
2025-06-01 20:00:00,477.4,0.36,189.3
2025-06-01 21:00:00,429.1,0.75,78.9
2025-06-01 22:00:00,405.6,0.71,40.3
2025-06-01 23:00:00,297.6,0.41,40.9
2025-06-02 00:00:00,352.6,0.56,50.5
2025-06-02 01:00:00,222.9,0.62,52.5
2025-06-02 02:00:00,529.3,0.77,46.1
2025-06-02 03:00:00,341.1,0.54,39.4
2025-06-02 04:00:00,609.0,0.5,41.6
2025-06-02 05:00:00,276.7,0.49,37.6
2025-06-02 06:00:00,311.5,0.52,36.0
2025-06-02 07:00:00,404.8,0.75,92.5
2025-06-02 08:00:00,462.6,0.75,136.5
2025-06-02 09:00:00,474.2,0.39,109.2
2025-06-02 10:00:00,50.0,0.66,170.8
2025-06-02 11:00:00,126.6,0.72,213.2
2025-06-02 12:00:00,50.0,0.44,151.3
2025-06-02 13:00:00,555.3,0.38,153.8
2025-06-02 14:00:00,500.7,0.68,159.9
2025-06-02 15:00:00,605.6,0.59,117.4
2025-06-02 16:00:00,526.3,0.76,150.5
2025-06-02 17:00:00,255.0,0.33,217.5
2025-06-02 18:00:00,358.0,0.61,178.7
2025-06-02 19:00:00,414.5,0.64,247.7
2025-06-02 20:00:00,441.8,0.8,249.1
2025-06-02 21:00:00,252.6,0.22,124.9
2025-06-02 22:00:00,645.4,0.33,46.2
2025-06-02 23:00:00,113.0,0.76,38.5
2025-06-03 00:00:00,296.8,0.79,39.0
2025-06-03 01:00:00,189.5,0.73,37.6
2025-06-03 02:00:00,245.4,0.73,44.0
2025-06-03 03:00:00,167.3,1.08,182.2
2025-06-03 04:00:00,729.4,0.79,162.1
2025-06-03 05:00:00,625.9,1.29,221.3
2025-06-03 06:00:00,1090.5,1.49,192.7
2025-06-03 07:00:00,431.8,1.58,397.2
2025-06-03 08:00:00,50.0,0.59,129.0
2025-06-03 09:00:00,338.5,0.3,112.0
2025-06-03 10:00:00,371.0,0.39,177.1
2025-06-03 11:00:00,196.6,0.24,156.2
2025-06-03 12:00:00,127.4,0.53,208.7
2025-06-03 13:00:00,471.6,0.26,186.8
2025-06-03 14:00:00,169.8,0.22,158.9
2025-06-03 15:00:00,187.2,0.3,156.0
2025-06-03 16:00:00,338.2,0.32,118.3
2025-06-03 17:00:00,357.8,0.62,228.7
2025-06-03 18:00:00,285.2,0.37,188.0
2025-06-03 19:00:00,183.2,0.23,216.0
2025-06-03 20:00:00,346.3,0.42,203.9
2025-06-03 21:00:00,226.8,0.38,127.8
2025-06-03 22:00:00,219.1,0.22,39.1
2025-06-03 23:00:00,241.0,0.38,37.5
2025-06-04 00:00:00,371.6,0.44,44.8
2025-06-04 01:00:00,192.9,0.6,37.6
2025-06-04 02:00:00,207.8,0.73,42.6
2025-06-04 03:00:00,273.7,0.47,40.7
2025-06-04 04:00:00,195.1,0.36,37.1
2025-06-04 05:00:00,323.4,0.65,48.0
2025-06-04 06:00:00,418.2,0.52,53.5
2025-06-04 07:00:00,370.6,0.55,107.3
2025-06-04 08:00:00,449.6,0.45,121.7
2025-06-04 09:00:00,66.8,0.72,133.6
2025-06-04 10:00:00,425.6,0.25,174.2
2025-06-04 11:00:00,184.5,0.63,180.2
2025-06-04 12:00:00,518.3,0.61,188.7
2025-06-04 13:00:00,142.3,0.27,198.5
2025-06-04 14:00:00,501.5,0.78,151.7
2025-06-04 15:00:00,682.8,0.28,130.9
2025-06-04 16:00:00,459.9,0.8,141.9
2025-06-04 17:00:00,288.2,0.7,189.7
2025-06-04 18:00:00,581.6,0.24,200.6
2025-06-04 19:00:00,123.3,0.44,195.4
2025-06-04 20:00:00,272.8,0.72,234.1
2025-06-04 21:00:00,463.8,0.57,121.1
2025-06-04 22:00:00,164.2,0.29,46.6
2025-06-04 23:00:00,375.1,0.66,52.9
2025-06-05 00:00:00,471.9,0.26,41.1
2025-06-05 01:00:00,212.3,0.52,42.2
2025-06-05 02:00:00,175.1,0.49,47.0
2025-06-05 03:00:00,378.3,0.22,41.0
2025-06-05 04:00:00,427.1,0.62,36.7
2025-06-05 05:00:00,461.4,0.73,42.0
2025-06-05 06:00:00,319.4,0.75,52.1
2025-06-05 07:00:00,547.5,0.21,118.3
2025-06-05 08:00:00,260.2,0.49,129.4
2025-06-05 09:00:00,415.0,0.26,154.9
2025-06-05 10:00:00,569.5,0.47,169.5
2025-06-05 11:00:00,603.3,0.36,174.0
2025-06-05 12:00:00,240.9,0.33,203.3
2025-06-05 13:00:00,223.3,0.64,198.7
2025-06-05 14:00:00,486.9,0.51,116.6
2025-06-05 15:00:00,93.8,0.39,135.4
2025-06-05 16:00:00,492.8,0.73,109.6
2025-06-05 17:00:00,520.5,0.32,238.0
2025-06-05 18:00:00,359.1,0.47,245.1
2025-06-05 19:00:00,202.9,0.62,191.0
2025-06-05 20:00:00,379.3,0.58,178.4
2025-06-05 21:00:00,140.7,0.22,113.9
2025-06-05 22:00:00,222.1,0.72,46.6
2025-06-05 23:00:00,247.7,0.41,38.9
2025-06-06 00:00:00,496.6,0.61,41.1
2025-06-06 01:00:00,146.5,0.43,38.9
2025-06-06 02:00:00,50.0,0.71,47.7
2025-06-06 03:00:00,129.7,0.61,40.8
2025-06-06 04:00:00,274.6,0.67,49.8
2025-06-06 05:00:00,316.3,0.21,52.4
2025-06-06 06:00:00,177.8,0.21,40.5
2025-06-06 07:00:00,137.5,0.68,96.8
2025-06-06 08:00:00,510.6,0.45,114.1
2025-06-06 09:00:00,255.7,0.41,121.6
2025-06-06 10:00:00,79.3,0.69,143.8
2025-06-06 11:00:00,346.9,0.26,180.8
2025-06-06 12:00:00,148.9,0.42,190.6
2025-06-06 13:00:00,53.9,0.57,165.5
2025-06-06 14:00:00,342.4,0.79,142.6
2025-06-06 15:00:00,334.2,0.72,122.1
2025-06-06 16:00:00,223.3,0.38,116.1
2025-06-06 17:00:00,50.0,0.66,243.6
2025-06-06 18:00:00,392.2,0.56,223.5
2025-06-06 19:00:00,50.0,0.61,228.6
2025-06-06 20:00:00,50.0,0.36,203.2
2025-06-06 21:00:00,50.0,0.43,97.7
2025-06-06 22:00:00,249.1,0.31,49.1
2025-06-06 23:00:00,111.3,0.33,45.6
2025-06-07 00:00:00,371.0,0.6,58.7
2025-06-07 01:00:00,50.0,0.71,66.5
2025-06-07 02:00:00,367.7,0.26,49.8
2025-06-07 03:00:00,233.6,0.36,65.7
2025-06-07 04:00:00,307.7,0.61,54.7
2025-06-07 05:00:00,204.9,0.25,55.1
2025-06-07 06:00:00,295.3,0.67,54.6
2025-06-07 07:00:00,171.6,0.36,125.3
2025-06-07 08:00:00,400.5,0.72,161.2
2025-06-07 09:00:00,163.9,0.77,145.4
2025-06-07 10:00:00,435.8,0.72,185.8
2025-06-07 11:00:00,186.9,0.38,192.3
2025-06-07 12:00:00,349.7,0.32,225.5
2025-06-07 13:00:00,235.3,0.54,272.1
2025-06-07 14:00:00,173.8,0.63,195.1
2025-06-07 15:00:00,334.5,0.49,184.7
2025-06-07 16:00:00,394.4,0.2,159.6
2025-06-07 17:00:00,490.7,0.66,236.8
2025-06-07 18:00:00,315.8,0.66,228.0
2025-06-07 19:00:00,126.8,0.57,287.6
2025-06-07 20:00:00,50.0,0.43,222.5
2025-06-07 21:00:00,521.9,0.32,148.1
2025-06-07 22:00:00,431.8,0.7,51.3
2025-06-07 23:00:00,311.7,0.61,61.5
2025-06-08 00:00:00,301.7,0.41,30.7
2025-06-08 01:00:00,530.7,0.43,37.3
2025-06-08 02:00:00,439.2,0.38,33.0
2025-06-08 03:00:00,542.4,0.64,37.4
2025-06-08 04:00:00,135.4,0.8,33.7
2025-06-08 05:00:00,567.3,0.74,34.0
2025-06-08 06:00:00,437.7,0.75,34.6
2025-06-08 07:00:00,637.9,0.34,91.6
2025-06-08 08:00:00,465.8,0.55,83.3
2025-06-08 09:00:00,479.2,0.42,114.5
2025-06-08 10:00:00,598.4,0.35,121.7
2025-06-08 11:00:00,371.4,0.23,172.5
2025-06-08 12:00:00,185.3,0.21,154.9
2025-06-08 13:00:00,114.2,0.45,137.1
2025-06-08 14:00:00,137.3,0.29,116.4
2025-06-08 15:00:00,250.2,0.58,99.4
2025-06-08 16:00:00,183.5,0.36,112.6
2025-06-08 17:00:00,112.1,0.28,190.2
2025-06-08 18:00:00,488.9,0.27,142.1
2025-06-08 19:00:00,446.3,0.26,147.7
2025-06-08 20:00:00,336.4,0.51,148.0
2025-06-08 21:00:00,411.4,0.62,88.1
2025-06-08 22:00:00,470.3,0.32,42.2
2025-06-08 23:00:00,343.1,0.4,28.8
2025-06-09 00:00:00,145.5,0.7,48.0
2025-06-09 01:00:00,50.0,0.29,37.6
2025-06-09 02:00:00,60.1,0.26,40.6
2025-06-09 03:00:00,282.3,0.34,53.8
2025-06-09 04:00:00,252.2,0.26,39.1
2025-06-09 05:00:00,460.6,0.22,41.2
2025-06-09 06:00:00,341.4,0.64,37.7
2025-06-09 07:00:00,176.9,0.65,85.9
2025-06-09 08:00:00,432.3,0.3,113.2
2025-06-09 09:00:00,122.6,0.46,141.6
2025-06-09 10:00:00,347.9,0.69,131.0
2025-06-09 11:00:00,254.2,0.44,213.3
2025-06-09 12:00:00,279.7,0.71,201.6
2025-06-09 13:00:00,446.7,0.59,201.4
2025-06-09 14:00:00,475.5,0.24,158.9
2025-06-09 15:00:00,451.0,0.3,130.5
2025-06-09 16:00:00,72.7,0.61,117.8
2025-06-09 17:00:00,154.2,0.43,198.1
2025-06-09 18:00:00,524.1,0.7,249.8
2025-06-09 19:00:00,341.0,0.28,245.3
2025-06-09 20:00:00,417.1,0.23,190.0
2025-06-09 21:00:00,400.6,0.39,129.8
2025-06-09 22:00:00,187.9,0.55,46.2
2025-06-09 23:00:00,69.6,0.79,48.1
2025-06-10 00:00:00,203.8,0.62,37.7
2025-06-10 01:00:00,455.2,0.6,40.5
2025-06-10 02:00:00,172.5,0.43,51.1
2025-06-10 03:00:00,485.7,0.54,53.8
2025-06-10 04:00:00,502.9,0.29,51.3
2025-06-10 05:00:00,372.4,0.71,51.6
2025-06-10 06:00:00,455.5,0.34,53.5
2025-06-10 07:00:00,379.1,0.23,93.4
2025-06-10 08:00:00,205.3,0.34,118.0
2025-06-10 09:00:00,180.6,0.68,132.2
2025-06-10 10:00:00,401.4,0.27,149.8
2025-06-10 11:00:00,172.0,0.59,151.4
2025-06-10 12:00:00,136.9,0.2,150.5
2025-06-10 13:00:00,400.2,0.56,188.6
2025-06-10 14:00:00,239.9,0.32,144.3
2025-06-10 15:00:00,468.3,0.77,127.6
2025-06-10 16:00:00,400.4,0.47,138.2
2025-06-10 17:00:00,335.6,0.57,207.7
2025-06-10 18:00:00,168.9,0.27,231.8
2025-06-10 19:00:00,101.4,0.33,196.7
2025-06-10 20:00:00,486.4,0.38,211.8
2025-06-10 21:00:00,50.0,0.62,98.2
2025-06-10 22:00:00,342.4,0.63,49.0
2025-06-10 23:00:00,370.8,0.26,47.0
2025-06-11 00:00:00,432.4,0.44,44.2
2025-06-11 01:00:00,619.8,0.67,48.9
2025-06-11 02:00:00,421.0,0.76,51.1
2025-06-11 03:00:00,397.2,0.55,49.9
2025-06-11 04:00:00,90.7,0.77,38.4
2025-06-11 05:00:00,367.3,0.5,45.5
2025-06-11 06:00:00,634.8,0.7,44.7
2025-06-11 07:00:00,405.5,0.5,122.7
2025-06-11 08:00:00,387.1,0.64,102.2
2025-06-11 09:00:00,476.9,0.43,140.4
2025-06-11 10:00:00,431.5,0.43,178.8
2025-06-11 11:00:00,180.6,0.75,198.9
2025-06-11 12:00:00,243.0,0.78,176.6
2025-06-11 13:00:00,681.9,0.28,173.7
2025-06-11 14:00:00,223.0,0.38,145.9
2025-06-11 15:00:00,63.0,0.72,146.4
2025-06-11 16:00:00,495.1,0.32,141.7
2025-06-11 17:00:00,216.3,0.37,197.0
